{
	"skins": {
		"eui.Button": "resource/eui_skins/ButtonSkin.exml",
		"eui.CheckBox": "resource/eui_skins/CheckBoxSkin.exml",
		"eui.HScrollBar": "resource/eui_skins/HScrollBarSkin.exml",
		"eui.HSlider": "resource/eui_skins/HSliderSkin.exml",
		"eui.Panel": "resource/eui_skins/PanelSkin.exml",
		"eui.TextInput": "resource/eui_skins/TextInputSkin.exml",
		"eui.ProgressBar": "resource/eui_skins/ProgressBarSkin.exml",
		"eui.RadioButton": "resource/eui_skins/RadioButtonSkin.exml",
		"eui.Scroller": "resource/eui_skins/ScrollerSkin.exml",
		"eui.ToggleSwitch": "resource/eui_skins/ToggleSwitchSkin.exml",
		"eui.VScrollBar": "resource/eui_skins/VScrollBarSkin.exml",
		"eui.VSlider": "resource/eui_skins/VSliderSkin.exml",
		"eui.ItemRenderer": "resource/eui_skins/ItemRendererSkin.exml"
	},
	"autoGenerateExmlsList": true,
	"exmls": [
		"resource/eui_main/homeSkin.exml",
		"resource/eui_skins/ButtonSkin.exml",
		"resource/eui_skins/CheckBoxSkin.exml",
		"resource/eui_skins/HScrollBarSkin.exml",
		"resource/eui_skins/HSliderSkin.exml",
		"resource/eui_skins/ItemRendererSkin.exml",
		"resource/eui_skins/PanelSkin.exml",
		"resource/eui_skins/ProgressBarSkin.exml",
		"resource/eui_skins/RadioButtonSkin.exml",
		"resource/eui_skins/ScrollerSkin.exml",
		"resource/eui_skins/TextInputSkin.exml",
		"resource/eui_skins/ToggleSwitchSkin.exml",
		"resource/eui_skins/VScrollBarSkin.exml",
		"resource/eui_skins/VSliderSkin.exml",
		"resource/eui_game/skins/cardIRSkin.exml",
		"resource/eui_game/skins/chatDeListIRSkin.exml",
		"resource/eui_game/skins/chatDeListSkin.exml",
		"resource/eui_game/skins/chatExListSkin.exml",
		"resource/eui_game/skins/chatListSkin.exml",
		"resource/eui_game/skins/chatSkin.exml",
		"resource/eui_game/skins/chatlistIRSkin.exml",
		"resource/eui_game/skins/discardStatusSkin.exml",
		"resource/eui_game/skins/gameOverIRSkin.exml",
		"resource/eui_game/skins/gameOverSkin.exml",
		"resource/eui_game/skins/gameSkin.exml",
		"resource/eui_game/skins/headIcon1.exml",
		"resource/eui_game/skins/headIcon2.exml",
		"resource/eui_game/skins/toolIRUISkin.exml",
		"resource/eui_game/skins/useToolSkin.exml",
		"resource/eui_main/skins/createRoomSettingSkin.exml",
		"resource/eui_main/skins/dialogMailSkin.exml",
		"resource/eui_main/skins/dialogShopSkin.exml",
		"resource/eui_main/skins/dialogSkin.exml",
		"resource/eui_main/skins/enterRoomSkin.exml",
		"resource/eui_main/skins/friendIRSkin.exml",
		"resource/eui_main/skins/gameHistoryIRSkin.exml",
		"resource/eui_main/skins/gamehistorySkin.exml",
		"resource/eui_main/skins/headSkin.exml",
		"resource/eui_main/skins/mailContentIRSkin.exml",
		"resource/eui_main/skins/mainSkin.exml",
		"resource/eui_main/skins/myRoomIRSkin.exml",
		"resource/eui_main/skins/myRoomSkin.exml",
		"resource/eui_main/skins/settingSkin.exml",
		"resource/eui_main/skins/shopContentIRSkin.exml"
	],
	"path": "resource/default.thm.json"
}